{
  "actorSpecification": 1,
  "name": "sobha-bookings-scraper",
  "title": "Sobha Bookings Scraper",
  "description": "Enterprise-grade scraper for Sobha Partner Portal bookings data. Extracts customer information, financial details, status tracking, and sales team data using direct Salesforce Aura API calls.",
  "version": "1.0",
  "meta": {
    "templateId": "javascript-crawlee"
  },
  "input": "./INPUT_SCHEMA.json",
  "dockerfile": "./Dockerfile",
  "readme": "./README.md",
  "categories": [
    "REAL_ESTATE"
  ],
  "keywords": [
    "sobha",
    "real-estate",
    "bookings",
    "property-data",
    "dubai",
    "partner-portal",
    "enterprise",
    "salesforce",
    "aura-api",
    "baraca"
  ],
  "author": {
    "name": "BARACA Life Capital Real Estate",
    "email": "engineering@baraca.com"
  },
  "license": "PROPRIETARY",
  "storeFeatured": false,
  "isPublic": false
}
